{
    "textBBs": [],
    "fieldBBs": [{
        "id": "f1",
        "poly_points": [
            [94, 114],
            [1637, 114],
            [1637, 900],
            [94, 900]
        ],
        "type": "field",
        "isBlank": 1
    }],
    "pairs": [],
    "samePairs": [],
    "horzLinks": [],
    "groups": [],
    "page_corners": {
        "tl": [5.303239197490257, 6.744606522840513],
        "tr": [1700.9991244210955, 9.926024693992076],
        "br": [1700.9991244210955, 2380.0825622016587],
        "bl": [2.1218210263391484, 2380.0825622016587]
    },
    "imageFilename": "4.jpg",
    "labelTime": 751.1492156170061,
    "height": 2386,
    "width": 1701
}