{"textBBs": [], "fieldBBs": [{"id": "f0", "poly_points": [[58, 847], [766, 847], [766, 1023], [58, 1023]], "type": "field", "isBlank": 1}], "pairs": [], "samePairs": [], "horzLinks": [], "groups": [], "page_corners": {"tl": [42.08206276834733, 26.908791822302646], "tr": [801.8796740618645, 24.322216166637872], "br": [801.8796740618645, 1152.4656183120871], "bl": [42.58206276834733, 1150.9223304842549]}, "imageFilename": "new_temp3.jpg", "labelTime": 258.5572473869979, "transcriptions": {}}